{"flagged":true,"categories":[{"illicit/violent":2.1782649863110498E-6,"self-harm/instructions":2.2076651366724855E-4,"harassment":0.964407258189577,"violence/graphic":4.400118457925303E-6,"illicit":1.4653129390717958E-5,"self-harm/intent":2.1575330372933303E-4,"hate/threatening":1.1478768127080353E-6,"sexual/minors":1.670142184809518E-6,"harassment/threatening":7.552556355312161E-4,"hate":0.007762222657222242,"self-harm":4.6285603828612274E-4,"sexual":9.110511944006454E-5,"violence":4.893563764018274E-4}]}