{"flagged":true,"categories":[{"pii":2.4536947603337467E-4,"violence_and_threats":0.0020507434383034706,"law":9.422446396456508E-7,"dangerous_and_criminal_content":3.1201914680423215E-5,"selfharm":1.91104321856983E-4,"financial":2.2827996872365475E-5,"hate_and_discrimination":0.9978843331336975,"health":4.2647468944778666E-5,"sexual":1.686527393758297E-4}]}